<?xml version="1.0" encoding="UTF-8"?>
<project-private xmlns="http://www.netbeans.org/ns/project-private/1">
    <editor-bookmarks xmlns="http://www.netbeans.org/ns/editor-bookmarks/2" lastBookmarkId="0"/>
    <open-files xmlns="http://www.netbeans.org/ns/projectui-open-files/2">
        <group>
            <file>file:/D:/UoL/OOSE/Quizzes/Quiz%204%20submissions/Quiz%204%20Section%20S%20Hamza%20Furrukh/Flying%20Car/GoogleClient.java</file>
            <file>file:/D:/UoL/OOSE/Quizzes/Quiz%204%20submissions/Quiz%204%20Section%20S%20Hamza%20Furrukh/Flying%20Car/FlyingCar.java</file>
            <file>file:/D:/UoL/OOSE/Quizzes/Quiz%204%20submissions/Quiz%204%20Section%20S%20Hamza%20Furrukh/Flying%20Car/LandCommand.java</file>
            <file>file:/D:/UoL/OOSE/Quizzes/Quiz%204%20submissions/Quiz%204%20Section%20S%20Hamza%20Furrukh/Flying%20Car/AbstractCommand.java</file>
            <file>file:/D:/UoL/OOSE/Quizzes/Quiz%204%20submissions/Quiz%204%20Section%20S%20Hamza%20Furrukh/Flying%20Car/TurnCommand.java</file>
            <file>file:/D:/UoL/OOSE/Quizzes/Quiz%204%20submissions/Quiz%204%20Section%20S%20Hamza%20Furrukh/Flying%20Car/CarButtons.java</file>
            <file>file:/D:/UoL/OOSE/Quizzes/Quiz%204%20submissions/Quiz%204%20Section%20S%20Hamza%20Furrukh/Flying%20Car/FlyCommand.java</file>
        </group>
    </open-files>
</project-private>
